epsilon,alpha,a_true,a_hat_mean,a_hat_std,abs_error_mean,abs_error_std,ci_low,ci_high,shots_total_mean,grover_calls_mean,ks_used,runs
0.2,0.01,0.06585414330510068,0.06103515625,0.0,0.004818987055100685,0.0,0.025069415421853695,0.09700089707814631,2048.0,0.0,0,1
0.1,0.01,0.06585414330510068,0.06884765625000001,0.0,0.002993512944899329,0.0,0.030601612020612238,0.10709370047938778,2048.0,0.0,0,1
0.07,0.01,0.06585414330510068,0.0656764091634012,0.0,0.00017773414169948432,0.0,0.05915001558490198,0.07220280274190043,4096.0,2048.0,0;1,1
0.05,0.01,0.06585414330510068,0.06648650544378189,0.0,0.0006323621386812028,0.0,0.059923545252868714,0.07304946563469505,4096.0,2048.0,0;1,1
0.03,0.01,0.06585414330510068,0.06738973117394442,0.0,0.001535587868843738,0.0,0.06063876483353263,0.0741406975143562,4096.0,2048.0,0;1,1
0.02,0.01,0.06585414330510068,0.06633599271811572,0.0,0.00048184941301503137,0.0,0.059523171698138644,0.07314881373809277,4096.0,2048.0,0;1,1
0.01,0.01,0.06585414330510068,0.0659888200138033,0.0,0.00013467670870261073,0.0,0.06545194706709899,0.06652569296050762,6144.0,40960.0,0;1;19,1
